{"cameraMode":{"drawMode":0,"name":"Shaded","section":"Shading Mode"},"sceneLighting":true,"audioPlay":false,"sceneViewState":{"showFog":false,"showMaterialUpdate":true,"showSkybox":false,"showFlares":false,"showImageEffects":true,"showParticleSystems":true},"in2DMode":false,"pivot":{"x":-0.015097484923899174,"y":3.105818748474121,"z":-0.14219598472118379},"rotation":{"x":-0.06436996161937714,"y":-0.10994763672351837,"z":0.0071357483975589279,"w":-0.9918252229690552},"size":0.2624901533126831,"orthographic":false}